epoch,step,val_accuracy,val_loss
0,0,0.6813953518867493,1.6392099857330322
